Pathway	Faecal_metabolite	N	Beta	SE	P	adj_P
PWY.1	F1	531	-0.822730465792672	0.147770348001777	4.1941597280272e-08	8.3883194560544e-08
PWY.2	F1	529	-0.194458357546449	0.14863985310207	0.191360599287443	0.382721198574887
PWY.3	F1	328	-0.833754290688428	0.196707090182496	2.93871401460145e-05	5.8774280292029e-05
PWY.1	F2	145	0.311243379175107	0.138652886352994	0.0263405930559092	0.0526811861118184
PWY.2	F2	145	0.304892837555382	0.12501753798889	0.0159791108885595	0.031958221777119
PWY.3	F2	91	0.149644780239674	0.15853128030507	0.347996068424463	0.695992136848927
