Pathway	Blood_metabolite	N	Beta	SE	P	adj_P
PWY.1	B1	999	0.528631881176637	0.0940394639742973	2.65342088398064e-08	5.30684176796128e-08
PWY.2	B1	997	0.151792965075658	0.0944103650762646	0.108303451812482	0.216606903624964
PWY.3	B1	601	0.448563487389571	0.121906919847369	0.000259332696190833	0.000518665392381665
PWY.1	B2	953	-0.140206546226046	0.068704504945291	0.0415555335358843	0.0831110670717685
PWY.2	B2	952	-0.58452402135123	0.066874344944477	1.04495314494618e-17	2.08990628989237e-17
PWY.3	B2	575	-0.0696335873779342	0.0924844566332474	0.45181105354946	0.903622107098921
